UUID,Input_Sequence,Prompt,Protein_Label,Length_Percentage,Reference_Sequence,Full_Sequence_Identity,Non_Prompt_Sequence_Identity,Prompt_Length
85a89cd311994f44acafc16731d74617,MSQNTLKVHDLNEDAEFDENGVEVFDEKALVELEPSDNDLAEEELLSQGATQRVLDATQLYLGEIGYSPLLTAEEEVYFARRALRGDVASRRRMIESNLRLVVKISRRYSNRGLALLDLIEEGNLGLIRAVEKFDPERGFRFSTYATWWIRQTIERAIMNQTRTIRLPIHIVKELNVYLRTARELSHKLDHEPSAEEIAEKLDKPVEDVKRMLGLNERVTSVDTPLGGDSEKALLDTLADENDTGPEDTTQDDDMKQSIEWLVERLNEREQEVLRMRFGLDGEDEMTLEQVGEKLGVTRERVRQIQVKALRKLRRAHEKGLLKDYLG,ATGAGTCAGAATACGCTGAAAGTTCATGATTTAAATGAAGATGCGGAATTTGATGAGAACGGAGTTGAGGTTTTTGACGAAAAGGCCTTAGTAGAACTGGAACCCAGTGATAACGATTTGGCCGAAGAGGAACTGTTATCGCAGGGAGCCACACAGCGTGTGTTGGACGCGACTCAGCTTTACCTTGGTGAGATTGGTTATTCACCACTGTTAACGGCCGAAGAAGAAGTTTATTTTGCGCGTCGCGCACTGCGTGGAGATGTCGCCTCTCGCCGCCGGATGATCGAGAGTAACTTG,rpoS,30%,MSQNTLKVHDLNEDAEFDENGVEVFDEKALVELEPSDNDLAEEELLSQGATQRVLDATQLYLGEIGYSPLLTAEEEVYFARRALRGDVASRRRMIESNLRLVVKIARRYGNRGLALLDLIEEGNLGLIRAVEKFDPERGFRFSTYATWWIRQTIERAIMNQTRTIRLPIHIVKELNVYLRTARELSHKLDHEPSAEEIAEQLDKPVDDVSRMLRLNERITSVDTPLGGDSEKALLDILADEKENGPEDTTQDDDMKQSIVKWLFELNAKQREVLARRFGLLGYEAATLEDVGREIGLTRERVRQIQVEGLRRLREILQTQGLNIEALFRE,87.30650154798761,81.69642857142857,99
63b0320cbf7343ffa098a75facccf564,MSQNTLKVHDLNEDAEFDENGVEVFDEKALVELEPSDNDLAEEELLSQGATQRVLDATQLYLGEIGYSPLLTAEEEVYFARRALRGDVASRRRMIESNLRLVVKISRRYGNRGLALLDLIEEGNLGLIRAVEKFDPERGFRFSTYATWWIRQTIERAIMNQTRTIRLPIHIVKELNVYLRTARELSHKLDHEPTAEDIAELLEKPVDEVKRMLGLNERVASVDTPLGKDSDKSLLDTIADENGIDPSQLLQDDDLRESIDHWLDELTEKQREVVVRRFGLLGHEPSTLEEVGEELGVTRERVRQIQVEALRRLRDILEKDGFSVDTLFS,ATGAGTCAGAATACGCTGAAAGTTCATGATTTAAATGAAGATGCGGAATTTGATGAGAACGGAGTTGAGGTTTTTGACGAAAAGGCCTTAGTAGAACTGGAACCCAGTGATAACGATTTGGCCGAAGAGGAACTGTTATCGCAGGGAGCCACACAGCGTGTGTTGGACGCGACTCAGCTTTACCTTGGTGAGATTGGTTATTCACCACTGTTAACGGCCGAAGAAGAAGTTTATTTTGCGCGTCGCGCACTGCGTGGAGATGTCGCCTCTCGCCGCCGGATGATCGAGAGTAACTTG,rpoS,30%,MSQNTLKVHDLNEDAEFDENGVEVFDEKALVELEPSDNDLAEEELLSQGATQRVLDATQLYLGEIGYSPLLTAEEEVYFARRALRGDVASRRRMIESNLRLVVKIARRYGNRGLALLDLIEEGNLGLIRAVEKFDPERGFRFSTYATWWIRQTIERAIMNQTRTIRLPIHIVKELNVYLRTARELSHKLDHEPSAEEIAEQLDKPVDDVSRMLRLNERITSVDTPLGGDSEKALLDILADEKENGPEDTTQDDDMKQSIVKWLFELNAKQREVLARRFGLLGYEAATLEDVGREIGLTRERVRQIQVEGLRRLREILQTQGLNIEALFRE,84.49848024316108,77.82608695652173,99
9cfec2684bd142a698f8b86ff9412c3a,MSQNTLKVHDLNEDAEFDENGVEVFDEKALVELEPSDNDLAEEELLSQGATQRVLDATQLYLGEIGYSPLLTAEEEVYFARRALRGDVASRRRMIESNLRLVVKISRRYSNRGLALLDLIEEGNLGLIRAVEKFDPERGFRFSTYATWWIRQTIERAIMNQTRTIRLPIHIVKELNVYLRTARELSHKLDHEPSAEEIAEQLDKPVDDVNRMLRLNERITSVDTPLGGDSEKALLDILADEKDNGPEDTTQDDDMKQSIVKWLFELNAKQREVLARRFGLLGYEAATLEDVGREIGLTRERVRQIQVEGLRRLREILQGQGLNIEALFRE,ATGAGTCAGAATACGCTGAAAGTTCATGATTTAAATGAAGATGCGGAATTTGATGAGAACGGAGTTGAGGTTTTTGACGAAAAGGCCTTAGTAGAACTGGAACCCAGTGATAACGATTTGGCCGAAGAGGAACTGTTATCGCAGGGAGCCACACAGCGTGTGTTGGACGCGACTCAGCTTTACCTTGGTGAGATTGGTTATTCACCACTGTTAACGGCCGAAGAAGAAGTTTATTTTGCGCGTCGCGCACTGCGTGGAGATGTCGCCTCTCGCCGCCGGATGATCGAGAGTAACTTG,rpoS,30%,MSQNTLKVHDLNEDAEFDENGVEVFDEKALVELEPSDNDLAEEELLSQGATQRVLDATQLYLGEIGYSPLLTAEEEVYFARRALRGDVASRRRMIESNLRLVVKIARRYGNRGLALLDLIEEGNLGLIRAVEKFDPERGFRFSTYATWWIRQTIERAIMNQTRTIRLPIHIVKELNVYLRTARELSHKLDHEPSAEEIAEQLDKPVDDVSRMLRLNERITSVDTPLGGDSEKALLDILADEKENGPEDTTQDDDMKQSIVKWLFELNAKQREVLARRFGLLGYEAATLEDVGREIGLTRERVRQIQVEGLRRLREILQTQGLNIEALFRE,98.48484848484848,97.83549783549783,99
339128b2123d42ee996d959cca799c3e,MSQNTLKVHDLNEDAEFDENGVEVFDEKALVELEPSDNDLAEEELLSQGATQRVLDATQLYLGEIGYSPLLTAEEEVYFARRALRGDVASRRRMIESNLRLVVKIARRYAQRGLALLDLIEEGNLGLIRAVEKFDPERGFRFSTYATWWIRQTIERAIMNQTRTIRLPIHIVKELNVYLRTARELAQKLDHEPTAEEIAEQLDKPVDDVSRMLKLNERITSVDTPLGGDSEKALLDILADEKDNGPEDTTQDDDMKQSIVKWLFELNAKQREVLARRFGLLGYEAATLEDVGREIGLTRERVRQIQVEGLRRLREILGTQGLNIEALFRE,ATGAGTCAGAATACGCTGAAAGTTCATGATTTAAATGAAGATGCGGAATTTGATGAGAACGGAGTTGAGGTTTTTGACGAAAAGGCCTTAGTAGAACTGGAACCCAGTGATAACGATTTGGCCGAAGAGGAACTGTTATCGCAGGGAGCCACACAGCGTGTGTTGGACGCGACTCAGCTTTACCTTGGTGAGATTGGTTATTCACCACTGTTAACGGCCGAAGAAGAAGTTTATTTTGCGCGTCGCGCACTGCGTGGAGATGTCGCCTCTCGCCGCCGGATGATCGAGAGTAACTTG,rpoS,30%,MSQNTLKVHDLNEDAEFDENGVEVFDEKALVELEPSDNDLAEEELLSQGATQRVLDATQLYLGEIGYSPLLTAEEEVYFARRALRGDVASRRRMIESNLRLVVKIARRYGNRGLALLDLIEEGNLGLIRAVEKFDPERGFRFSTYATWWIRQTIERAIMNQTRTIRLPIHIVKELNVYLRTARELSHKLDHEPSAEEIAEQLDKPVDDVSRMLRLNERITSVDTPLGGDSEKALLDILADEKENGPEDTTQDDDMKQSIVKWLFELNAKQREVLARRFGLLGYEAATLEDVGREIGLTRERVRQIQVEGLRRLREILQTQGLNIEALFRE,97.57575757575758,96.53679653679653,99
a253b0a1cb204477a36dc5c56e5b12ab,MSQNTLKVHDLNEDAEFDENGVEVFDEKALVELEPSDNDLAEEELLSQGATQRVLDATQLYLGEIGYSPLLTAEEEVYFARRALRGDVASRRRMIESNLRLVVKISRRYSNRGLALLDLIEEGNLGLIRAVEKFDPERGFRFSTYATWWIRQTIERAIMNQTRTIRLPIHVVKELNVYLRAARELTQKLDHEPSAEEIAELLDKPVADVKRMLGLNERVTSVDTPMGADSDKSLLDTIADENGSGPEIQTHDSDIKHCIVEWLNDLNSKQREVLARRFGLLGYEPSTLEDVGREIGLTRERVRQIQVEGLRRLKEILMKQGLSMESLFNQI,ATGAGTCAGAATACGCTGAAAGTTCATGATTTAAATGAAGATGCGGAATTTGATGAGAACGGAGTTGAGGTTTTTGACGAAAAGGCCTTAGTAGAACTGGAACCCAGTGATAACGATTTGGCCGAAGAGGAACTGTTATCGCAGGGAGCCACACAGCGTGTGTTGGACGCGACTCAGCTTTACCTTGGTGAGATTGGTTATTCACCACTGTTAACGGCCGAAGAAGAAGTTTATTTTGCGCGTCGCGCACTGCGTGGAGATGTCGCCTCTCGCCGCCGGATGATCGAGAGTAACTTG,rpoS,30%,MSQNTLKVHDLNEDAEFDENGVEVFDEKALVELEPSDNDLAEEELLSQGATQRVLDATQLYLGEIGYSPLLTAEEEVYFARRALRGDVASRRRMIESNLRLVVKIARRYGNRGLALLDLIEEGNLGLIRAVEKFDPERGFRFSTYATWWIRQTIERAIMNQTRTIRLPIHIVKELNVYLRTARELSHKLDHEPSAEEIAEQLDKPVDDVSRMLRLNERITSVDTPLGGDSEKALLDILADEKENGPEDTTQDDDMKQSIVKWLFELNAKQREVLARRFGLLGYEAATLEDVGREIGLTRERVRQIQVEGLRRLREILQTQGLNIEALFRE,87.57575757575758,82.25108225108225,99
abcccebe6fc34ba49a7073d6cc8df5ab,MSQNTLKVHDLNEDAEFDENGVEVFDEKALVELEPSDNDLAEEELLSQGATQRVLDATQLYLGEIGYSPLLTAEEEVYFARRALRGDVASRRRMIESNLRLVVKISRRYSNRGLALLDLIEEGNLGLIRAVEKFDPERGFRFSTYATWWIRQTIERAIMNQTRTIRLPIHIVKELNVYLRTARELAQKLDHEPTAEEIADLLDRPVDDVKRMLGLNERVTSVDTPIGAGAEKALLDTIPDENDSGPEASHADDITTSMVEWLGELNPKQKEVLARRFGLLGYEPSTLEDVGREIGLTRERVRQIQVEGLRRLREILQTQGLSMEALFKQ,ATGAGTCAGAATACGCTGAAAGTTCATGATTTAAATGAAGATGCGGAATTTGATGAGAACGGAGTTGAGGTTTTTGACGAAAAGGCCTTAGTAGAACTGGAACCCAGTGATAACGATTTGGCCGAAGAGGAACTGTTATCGCAGGGAGCCACACAGCGTGTGTTGGACGCGACTCAGCTTTACCTTGGTGAGATTGGTTATTCACCACTGTTAACGGCCGAAGAAGAAGTTTATTTTGCGCGTCGCGCACTGCGTGGAGATGTCGCCTCTCGCCGCCGGATGATCGAGAGTAACTTG,rpoS,30%,MSQNTLKVHDLNEDAEFDENGVEVFDEKALVELEPSDNDLAEEELLSQGATQRVLDATQLYLGEIGYSPLLTAEEEVYFARRALRGDVASRRRMIESNLRLVVKIARRYGNRGLALLDLIEEGNLGLIRAVEKFDPERGFRFSTYATWWIRQTIERAIMNQTRTIRLPIHIVKELNVYLRTARELSHKLDHEPSAEEIAEQLDKPVDDVSRMLRLNERITSVDTPLGGDSEKALLDILADEKENGPEDTTQDDDMKQSIVKWLFELNAKQREVLARRFGLLGYEAATLEDVGREIGLTRERVRQIQVEGLRRLREILQTQGLNIEALFRE,88.14589665653494,83.04347826086956,99
f02bf62a77ec4705ab7630925fdbb707,MSQNTLKVHDLNEDAEFDENGVEVFDEKALVELEPSDNDLAEEELLSQGATQRVLDATQLYLGEIGYSPLLTAEEEVYFARRALRGDVASRRRMIESNLRLVVKIARRYGNRGLALLDLIEEGNLGLIRAVEKFDPERGFRFSTYATWWIRQTIERAIMNQTRTIRLPIHIVKELNVYLRTARELSHKLDHEPSAEEIAEQLDKPVDDVSRMLRLNERITSVDTPLGGDSEKALLDILADEKDNGPEDTTQDDDMKQSIVKWLFELNAKQREVLARRFGLLGYEAATLEDVGREIGLTRERVRQIQVEGLRRLREILQGQGLSIEALFRE,ATGAGTCAGAATACGCTGAAAGTTCATGATTTAAATGAAGATGCGGAATTTGATGAGAACGGAGTTGAGGTTTTTGACGAAAAGGCCTTAGTAGAACTGGAACCCAGTGATAACGATTTGGCCGAAGAGGAACTGTTATCGCAGGGAGCCACACAGCGTGTGTTGGACGCGACTCAGCTTTACCTTGGTGAGATTGGTTATTCACCACTGTTAACGGCCGAAGAAGAAGTTTATTTTGCGCGTCGCGCACTGCGTGGAGATGTCGCCTCTCGCCGCCGGATGATCGAGAGTAACTTGCGTCTGGTGGTAAAAATTGCCCGCCGTTATGGCAATCGTGGTCTGGCGTTGCTGGACCTTATCGAAGAGGGCAACCTGGGGCTGATCCGCGCGGTAGAGAAGTTTGACCCGGAACGTGGTTTCCGCTTCTCAACATACGCAACCTGGTGGATTCGCCAGACGATTGAACGGGCGATTATGAACCAAACCCGTACTATTC,rpoS,50%,MSQNTLKVHDLNEDAEFDENGVEVFDEKALVELEPSDNDLAEEELLSQGATQRVLDATQLYLGEIGYSPLLTAEEEVYFARRALRGDVASRRRMIESNLRLVVKIARRYGNRGLALLDLIEEGNLGLIRAVEKFDPERGFRFSTYATWWIRQTIERAIMNQTRTIRLPIHIVKELNVYLRTARELSHKLDHEPSAEEIAEQLDKPVDDVSRMLRLNERITSVDTPLGGDSEKALLDILADEKENGPEDTTQDDDMKQSIVKWLFELNAKQREVLARRFGLLGYEAATLEDVGREIGLTRERVRQIQVEGLRRLREILQTQGLNIEALFRE,99.0909090909091,98.18181818181819,165
f98569b96f864fd4a04cd5eb49cd31f9,MSQNTLKVHDLNEDAEFDENGVEVFDEKALVELEPSDNDLAEEELLSQGATQRVLDATQLYLGEIGYSPLLTAEEEVYFARRALRGDVASRRRMIESNLRLVVKIARRYGNRGLALLDLIEEGNLGLIRAVEKFDPERGFRFSTYATWWIRQTIERAIMNQTRTIRLPIHIVKELNVYLRTARELTQKLDHEPSAEEIAEQLDKPVDDVSRMLRLNERITSVDTPLGGDSDKALLDILADEKDNGPEDTTQDDDMKQSIVKWLFELNAKQREVLARRFGLLGYEAATLEDVGREIGLTRERVRQIQVEGLRRLREILQAQGLSIEALFSVEQE,ATGAGTCAGAATACGCTGAAAGTTCATGATTTAAATGAAGATGCGGAATTTGATGAGAACGGAGTTGAGGTTTTTGACGAAAAGGCCTTAGTAGAACTGGAACCCAGTGATAACGATTTGGCCGAAGAGGAACTGTTATCGCAGGGAGCCACACAGCGTGTGTTGGACGCGACTCAGCTTTACCTTGGTGAGATTGGTTATTCACCACTGTTAACGGCCGAAGAAGAAGTTTATTTTGCGCGTCGCGCACTGCGTGGAGATGTCGCCTCTCGCCGCCGGATGATCGAGAGTAACTTGCGTCTGGTGGTAAAAATTGCCCGCCGTTATGGCAATCGTGGTCTGGCGTTGCTGGACCTTATCGAAGAGGGCAACCTGGGGCTGATCCGCGCGGTAGAGAAGTTTGACCCGGAACGTGGTTTCCGCTTCTCAACATACGCAACCTGGTGGATTCGCCAGACGATTGAACGGGCGATTATGAACCAAACCCGTACTATTC,rpoS,50%,MSQNTLKVHDLNEDAEFDENGVEVFDEKALVELEPSDNDLAEEELLSQGATQRVLDATQLYLGEIGYSPLLTAEEEVYFARRALRGDVASRRRMIESNLRLVVKIARRYGNRGLALLDLIEEGNLGLIRAVEKFDPERGFRFSTYATWWIRQTIERAIMNQTRTIRLPIHIVKELNVYLRTARELSHKLDHEPSAEEIAEQLDKPVDDVSRMLRLNERITSVDTPLGGDSEKALLDILADEKENGPEDTTQDDDMKQSIVKWLFELNAKQREVLARRFGLLGYEAATLEDVGREIGLTRERVRQIQVEGLRRLREILQTQGLNIEALFRE,97.57575757575758,95.15151515151516,165
8a9346767b78483ab74afde42be5853a,MSQNTLKVHDLNEDAEFDENGVEVFDEKALVELEPSDNDLAEEELLSQGATQRVLDATQLYLGEIGYSPLLTAEEEVYFARRALRGDVASRRRMIESNLRLVVKIARRYGNRGLALLDLIEEGNLGLIRAVEKFDPERGFRFSTYATWWIRQTIERAIMNQTRTIRLPIHIVKELNVYLRTARELSHKLDHEPSAEEIAEQLDKPVDDVSRMLRLNERITSVDTPIGGDGEKALLDILADEKDNGPEDTTQDDDMKQSIVKWLFELNAKQREVLARRFGLLGYEAATLEDVGREIGLTRERVRQIQVEGLRRLREILQAQGLNIEALFRE,ATGAGTCAGAATACGCTGAAAGTTCATGATTTAAATGAAGATGCGGAATTTGATGAGAACGGAGTTGAGGTTTTTGACGAAAAGGCCTTAGTAGAACTGGAACCCAGTGATAACGATTTGGCCGAAGAGGAACTGTTATCGCAGGGAGCCACACAGCGTGTGTTGGACGCGACTCAGCTTTACCTTGGTGAGATTGGTTATTCACCACTGTTAACGGCCGAAGAAGAAGTTTATTTTGCGCGTCGCGCACTGCGTGGAGATGTCGCCTCTCGCCGCCGGATGATCGAGAGTAACTTGCGTCTGGTGGTAAAAATTGCCCGCCGTTATGGCAATCGTGGTCTGGCGTTGCTGGACCTTATCGAAGAGGGCAACCTGGGGCTGATCCGCGCGGTAGAGAAGTTTGACCCGGAACGTGGTTTCCGCTTCTCAACATACGCAACCTGGTGGATTCGCCAGACGATTGAACGGGCGATTATGAACCAAACCCGTACTATTC,rpoS,50%,MSQNTLKVHDLNEDAEFDENGVEVFDEKALVELEPSDNDLAEEELLSQGATQRVLDATQLYLGEIGYSPLLTAEEEVYFARRALRGDVASRRRMIESNLRLVVKIARRYGNRGLALLDLIEEGNLGLIRAVEKFDPERGFRFSTYATWWIRQTIERAIMNQTRTIRLPIHIVKELNVYLRTARELSHKLDHEPSAEEIAEQLDKPVDDVSRMLRLNERITSVDTPLGGDSEKALLDILADEKENGPEDTTQDDDMKQSIVKWLFELNAKQREVLARRFGLLGYEAATLEDVGREIGLTRERVRQIQVEGLRRLREILQTQGLNIEALFRE,98.7878787878788,97.57575757575758,165
4fc870f5c5cc4c36b6dcddbaaabf5853,MSQNTLKVHDLNEDAEFDENGVEVFDEKALVELEPSDNDLAEEELLSQGATQRVLDATQLYLGEIGYSPLLTAEEEVYFARRALRGDVASRRRMIESNLRLVVKIARRYGNRGLALLDLIEEGNLGLIRAVEKFDPERGFRFSTYATWWIRQTIERAIMNQTRTIRLPIHIVKELNVYLRTARELSHKLDHEPSAEEIAEQLDKPVDDVNRMLRLNERITSVDTPLGGDSEKALLDIIADEKDNGPEDTTQDDDMKQSIVKWLFELNAKQREVLARRFGLLGYEAATLEDVGREIGLTRERVRQIQVEGLRRLREILQTQGLNMEALFRE,ATGAGTCAGAATACGCTGAAAGTTCATGATTTAAATGAAGATGCGGAATTTGATGAGAACGGAGTTGAGGTTTTTGACGAAAAGGCCTTAGTAGAACTGGAACCCAGTGATAACGATTTGGCCGAAGAGGAACTGTTATCGCAGGGAGCCACACAGCGTGTGTTGGACGCGACTCAGCTTTACCTTGGTGAGATTGGTTATTCACCACTGTTAACGGCCGAAGAAGAAGTTTATTTTGCGCGTCGCGCACTGCGTGGAGATGTCGCCTCTCGCCGCCGGATGATCGAGAGTAACTTGCGTCTGGTGGTAAAAATTGCCCGCCGTTATGGCAATCGTGGTCTGGCGTTGCTGGACCTTATCGAAGAGGGCAACCTGGGGCTGATCCGCGCGGTAGAGAAGTTTGACCCGGAACGTGGTTTCCGCTTCTCAACATACGCAACCTGGTGGATTCGCCAGACGATTGAACGGGCGATTATGAACCAAACCCGTACTATTC,rpoS,50%,MSQNTLKVHDLNEDAEFDENGVEVFDEKALVELEPSDNDLAEEELLSQGATQRVLDATQLYLGEIGYSPLLTAEEEVYFARRALRGDVASRRRMIESNLRLVVKIARRYGNRGLALLDLIEEGNLGLIRAVEKFDPERGFRFSTYATWWIRQTIERAIMNQTRTIRLPIHIVKELNVYLRTARELSHKLDHEPSAEEIAEQLDKPVDDVSRMLRLNERITSVDTPLGGDSEKALLDILADEKENGPEDTTQDDDMKQSIVKWLFELNAKQREVLARRFGLLGYEAATLEDVGREIGLTRERVRQIQVEGLRRLREILQTQGLNIEALFRE,98.7878787878788,97.57575757575758,165
30a4d32b2dd54540b18c5ea33c895067,MSQNTLKVHDLNEDAEFDENGVEVFDEKALVELEPSDNDLAEEELLSQGATQRVLDATQLYLGEIGYSPLLTAEEEVYFARRALRGDVASRRRMIESNLRLVVKIARRYGNRGLALLDLIEEGNLGLIRAVEKFDPERGFRFSTYATWWIRQTIERAIMNQTRTIRLPIHIVKELNVYLRTARELAQKLDHEPSAEEIAEQLDKPVEDVSRMLRLNERITSVDNPIGGDSEKALLDIISDEKEKGPEDTTQDDDMKQSIVKWLFELNAKQREVLARRFGLLGYEAATLEEVGREIGLTRERVRQIQVEGLRRLREILQGQGLNIEALFRE,ATGAGTCAGAATACGCTGAAAGTTCATGATTTAAATGAAGATGCGGAATTTGATGAGAACGGAGTTGAGGTTTTTGACGAAAAGGCCTTAGTAGAACTGGAACCCAGTGATAACGATTTGGCCGAAGAGGAACTGTTATCGCAGGGAGCCACACAGCGTGTGTTGGACGCGACTCAGCTTTACCTTGGTGAGATTGGTTATTCACCACTGTTAACGGCCGAAGAAGAAGTTTATTTTGCGCGTCGCGCACTGCGTGGAGATGTCGCCTCTCGCCGCCGGATGATCGAGAGTAACTTGCGTCTGGTGGTAAAAATTGCCCGCCGTTATGGCAATCGTGGTCTGGCGTTGCTGGACCTTATCGAAGAGGGCAACCTGGGGCTGATCCGCGCGGTAGAGAAGTTTGACCCGGAACGTGGTTTCCGCTTCTCAACATACGCAACCTGGTGGATTCGCCAGACGATTGAACGGGCGATTATGAACCAAACCCGTACTATTC,rpoS,50%,MSQNTLKVHDLNEDAEFDENGVEVFDEKALVELEPSDNDLAEEELLSQGATQRVLDATQLYLGEIGYSPLLTAEEEVYFARRALRGDVASRRRMIESNLRLVVKIARRYGNRGLALLDLIEEGNLGLIRAVEKFDPERGFRFSTYATWWIRQTIERAIMNQTRTIRLPIHIVKELNVYLRTARELSHKLDHEPSAEEIAEQLDKPVDDVSRMLRLNERITSVDTPLGGDSEKALLDILADEKENGPEDTTQDDDMKQSIVKWLFELNAKQREVLARRFGLLGYEAATLEDVGREIGLTRERVRQIQVEGLRRLREILQTQGLNIEALFRE,96.96969696969697,93.93939393939394,165
3661d9fff96c4faa8335b5122a4e52b2,MSQNTLKVHDLNEDAEFDENGVEVFDEKALVELEPSDNDLAEEELLSQGATQRVLDATQLYLGEIGYSPLLTAEEEVYFARRALRGDVASRRRMIESNLRLVVKIARRYGNRGLALLDLIEEGNLGLIRAVEKFDPERGFRFSTYATWWIRQTIERAIMNQTRTIRLPIHIVKELNVYLRTARELTQKLDHEPSAEEIAEQLDKPVDDVSRMLRLNERITSVDTPLGGDSEKALLDILADEKDNGPEDTTQDDDMKQSIVKWLFELNAKQREVLARRFGLLGYEAATLEDVGREIGLTRERVRQIQVEGLRRLREILQAQGLSMEALFRE,ATGAGTCAGAATACGCTGAAAGTTCATGATTTAAATGAAGATGCGGAATTTGATGAGAACGGAGTTGAGGTTTTTGACGAAAAGGCCTTAGTAGAACTGGAACCCAGTGATAACGATTTGGCCGAAGAGGAACTGTTATCGCAGGGAGCCACACAGCGTGTGTTGGACGCGACTCAGCTTTACCTTGGTGAGATTGGTTATTCACCACTGTTAACGGCCGAAGAAGAAGTTTATTTTGCGCGTCGCGCACTGCGTGGAGATGTCGCCTCTCGCCGCCGGATGATCGAGAGTAACTTGCGTCTGGTGGTAAAAATTGCCCGCCGTTATGGCAATCGTGGTCTGGCGTTGCTGGACCTTATCGAAGAGGGCAACCTGGGGCTGATCCGCGCGGTAGAGAAGTTTGACCCGGAACGTGGTTTCCGCTTCTCAACATACGCAACCTGGTGGATTCGCCAGACGATTGAACGGGCGATTATGAACCAAACCCGTACTATTC,rpoS,50%,MSQNTLKVHDLNEDAEFDENGVEVFDEKALVELEPSDNDLAEEELLSQGATQRVLDATQLYLGEIGYSPLLTAEEEVYFARRALRGDVASRRRMIESNLRLVVKIARRYGNRGLALLDLIEEGNLGLIRAVEKFDPERGFRFSTYATWWIRQTIERAIMNQTRTIRLPIHIVKELNVYLRTARELSHKLDHEPSAEEIAEQLDKPVDDVSRMLRLNERITSVDTPLGGDSEKALLDILADEKENGPEDTTQDDDMKQSIVKWLFELNAKQREVLARRFGLLGYEAATLEDVGREIGLTRERVRQIQVEGLRRLREILQTQGLNIEALFRE,98.18181818181819,96.36363636363636,165
831658e3865b4305b0f5188b7452f704,MSQNTLKVHDLNEDAEFDENGVEVFDEKALVELEPSDNDLAEEELLSQGATQRVLDATQLYLGEIGYSPLLTAEEEVYFARRALRGDVASRRRMIESNLRLVVKIARRYGNRGLALLDLIEEGNLGLIRAVEKFDPERGFRFSTYATWWIRQTIERAIMNQTRTIRLPIHIVKELNVYLRTARELSHKLDHEPSAEEIAEQLDKPVDDVSRMLRLNERITSVDTPLGGDSEKALLDILADEKENGPEDTTQDDDMKQSIVKWLFELNAKQREVLARRFGLLGYEAATLEDVGREIGLTRERVRQIQVEGLRRLREILQGQGLNIEALFRE,ATGAGTCAGAATACGCTGAAAGTTCATGATTTAAATGAAGATGCGGAATTTGATGAGAACGGAGTTGAGGTTTTTGACGAAAAGGCCTTAGTAGAACTGGAACCCAGTGATAACGATTTGGCCGAAGAGGAACTGTTATCGCAGGGAGCCACACAGCGTGTGTTGGACGCGACTCAGCTTTACCTTGGTGAGATTGGTTATTCACCACTGTTAACGGCCGAAGAAGAAGTTTATTTTGCGCGTCGCGCACTGCGTGGAGATGTCGCCTCTCGCCGCCGGATGATCGAGAGTAACTTGCGTCTGGTGGTAAAAATTGCCCGCCGTTATGGCAATCGTGGTCTGGCGTTGCTGGACCTTATCGAAGAGGGCAACCTGGGGCTGATCCGCGCGGTAGAGAAGTTTGACCCGGAACGTGGTTTCCGCTTCTCAACATACGCAACCTGGTGGATTCGCCAGACGATTGAACGGGCGATTATGAACCAAACCCGTACTATTCGTTTGCCGATTCACATCGTAAAGGAGCTGAACGTTTACCTGCGAACCGCACGTGAGTTGTCCCATAAGCTGGACCATGAACCAAGTGCGGAAGAGATCGCAGAGCAACTGGATAAGCCAGTTGATGACGTCAGCCGTATGCTTCGTCTTAACGAGCGCATTACCTCGGTAGACACCCCGCTGGGTGGTGATTCCGAAAAAGCGTTGCTGGACATCCTGGCCGATGAAAAAGAGAACGGTCCGGAAGATACCACGCAAGATGACGATATGAAGCAGAGCATCGTCAAATGGCTGTTCGA,rpoS,80%,MSQNTLKVHDLNEDAEFDENGVEVFDEKALVELEPSDNDLAEEELLSQGATQRVLDATQLYLGEIGYSPLLTAEEEVYFARRALRGDVASRRRMIESNLRLVVKIARRYGNRGLALLDLIEEGNLGLIRAVEKFDPERGFRFSTYATWWIRQTIERAIMNQTRTIRLPIHIVKELNVYLRTARELSHKLDHEPSAEEIAEQLDKPVDDVSRMLRLNERITSVDTPLGGDSEKALLDILADEKENGPEDTTQDDDMKQSIVKWLFELNAKQREVLARRFGLLGYEAATLEDVGREIGLTRERVRQIQVEGLRRLREILQTQGLNIEALFRE,99.69696969696969,98.48484848484848,264
cb26b56025df47a383592777242c2f77,MSQNTLKVHDLNEDAEFDENGVEVFDEKALVELEPSDNDLAEEELLSQGATQRVLDATQLYLGEIGYSPLLTAEEEVYFARRALRGDVASRRRMIESNLRLVVKIARRYGNRGLALLDLIEEGNLGLIRAVEKFDPERGFRFSTYATWWIRQTIERAIMNQTRTIRLPIHIVKELNVYLRTARELSHKLDHEPSAEEIAEQLDKPVDDVSRMLRLNERITSVDTPLGGDSEKALLDILADEKENGPEDTTQDDDMKQSIVKWLFELNAKQREVLARRFGLLGYEAATLEDVGREIGLTRERVRQIQVEGLRRLREILEAQGLNIEALFRE,ATGAGTCAGAATACGCTGAAAGTTCATGATTTAAATGAAGATGCGGAATTTGATGAGAACGGAGTTGAGGTTTTTGACGAAAAGGCCTTAGTAGAACTGGAACCCAGTGATAACGATTTGGCCGAAGAGGAACTGTTATCGCAGGGAGCCACACAGCGTGTGTTGGACGCGACTCAGCTTTACCTTGGTGAGATTGGTTATTCACCACTGTTAACGGCCGAAGAAGAAGTTTATTTTGCGCGTCGCGCACTGCGTGGAGATGTCGCCTCTCGCCGCCGGATGATCGAGAGTAACTTGCGTCTGGTGGTAAAAATTGCCCGCCGTTATGGCAATCGTGGTCTGGCGTTGCTGGACCTTATCGAAGAGGGCAACCTGGGGCTGATCCGCGCGGTAGAGAAGTTTGACCCGGAACGTGGTTTCCGCTTCTCAACATACGCAACCTGGTGGATTCGCCAGACGATTGAACGGGCGATTATGAACCAAACCCGTACTATTCGTTTGCCGATTCACATCGTAAAGGAGCTGAACGTTTACCTGCGAACCGCACGTGAGTTGTCCCATAAGCTGGACCATGAACCAAGTGCGGAAGAGATCGCAGAGCAACTGGATAAGCCAGTTGATGACGTCAGCCGTATGCTTCGTCTTAACGAGCGCATTACCTCGGTAGACACCCCGCTGGGTGGTGATTCCGAAAAAGCGTTGCTGGACATCCTGGCCGATGAAAAAGAGAACGGTCCGGAAGATACCACGCAAGATGACGATATGAAGCAGAGCATCGTCAAATGGCTGTTCGA,rpoS,80%,MSQNTLKVHDLNEDAEFDENGVEVFDEKALVELEPSDNDLAEEELLSQGATQRVLDATQLYLGEIGYSPLLTAEEEVYFARRALRGDVASRRRMIESNLRLVVKIARRYGNRGLALLDLIEEGNLGLIRAVEKFDPERGFRFSTYATWWIRQTIERAIMNQTRTIRLPIHIVKELNVYLRTARELSHKLDHEPSAEEIAEQLDKPVDDVSRMLRLNERITSVDTPLGGDSEKALLDILADEKENGPEDTTQDDDMKQSIVKWLFELNAKQREVLARRFGLLGYEAATLEDVGREIGLTRERVRQIQVEGLRRLREILQTQGLNIEALFRE,99.39393939393939,96.96969696969697,264
605f1390f74f4ecdbdda537bdc580159,MSQNTLKVHDLNEDAEFDENGVEVFDEKALVELEPSDNDLAEEELLSQGATQRVLDATQLYLGEIGYSPLLTAEEEVYFARRALRGDVASRRRMIESNLRLVVKIARRYGNRGLALLDLIEEGNLGLIRAVEKFDPERGFRFSTYATWWIRQTIERAIMNQTRTIRLPIHIVKELNVYLRTARELSHKLDHEPSAEEIAEQLDKPVDDVSRMLRLNERITSVDTPLGGDSEKALLDILADEKENGPEDTTQDDDMKQSIVKWLFELNAKQREVLARRFGLLGYEAATLEEVGREIGLTRERVRQIQVEGLRRLREILQGQGLNIEALFRE,ATGAGTCAGAATACGCTGAAAGTTCATGATTTAAATGAAGATGCGGAATTTGATGAGAACGGAGTTGAGGTTTTTGACGAAAAGGCCTTAGTAGAACTGGAACCCAGTGATAACGATTTGGCCGAAGAGGAACTGTTATCGCAGGGAGCCACACAGCGTGTGTTGGACGCGACTCAGCTTTACCTTGGTGAGATTGGTTATTCACCACTGTTAACGGCCGAAGAAGAAGTTTATTTTGCGCGTCGCGCACTGCGTGGAGATGTCGCCTCTCGCCGCCGGATGATCGAGAGTAACTTGCGTCTGGTGGTAAAAATTGCCCGCCGTTATGGCAATCGTGGTCTGGCGTTGCTGGACCTTATCGAAGAGGGCAACCTGGGGCTGATCCGCGCGGTAGAGAAGTTTGACCCGGAACGTGGTTTCCGCTTCTCAACATACGCAACCTGGTGGATTCGCCAGACGATTGAACGGGCGATTATGAACCAAACCCGTACTATTCGTTTGCCGATTCACATCGTAAAGGAGCTGAACGTTTACCTGCGAACCGCACGTGAGTTGTCCCATAAGCTGGACCATGAACCAAGTGCGGAAGAGATCGCAGAGCAACTGGATAAGCCAGTTGATGACGTCAGCCGTATGCTTCGTCTTAACGAGCGCATTACCTCGGTAGACACCCCGCTGGGTGGTGATTCCGAAAAAGCGTTGCTGGACATCCTGGCCGATGAAAAAGAGAACGGTCCGGAAGATACCACGCAAGATGACGATATGAAGCAGAGCATCGTCAAATGGCTGTTCGA,rpoS,80%,MSQNTLKVHDLNEDAEFDENGVEVFDEKALVELEPSDNDLAEEELLSQGATQRVLDATQLYLGEIGYSPLLTAEEEVYFARRALRGDVASRRRMIESNLRLVVKIARRYGNRGLALLDLIEEGNLGLIRAVEKFDPERGFRFSTYATWWIRQTIERAIMNQTRTIRLPIHIVKELNVYLRTARELSHKLDHEPSAEEIAEQLDKPVDDVSRMLRLNERITSVDTPLGGDSEKALLDILADEKENGPEDTTQDDDMKQSIVKWLFELNAKQREVLARRFGLLGYEAATLEDVGREIGLTRERVRQIQVEGLRRLREILQTQGLNIEALFRE,99.39393939393939,96.96969696969697,264
2027379d21fc45908ccea06389a0991c,MSQNTLKVHDLNEDAEFDENGVEVFDEKALVELEPSDNDLAEEELLSQGATQRVLDATQLYLGEIGYSPLLTAEEEVYFARRALRGDVASRRRMIESNLRLVVKIARRYGNRGLALLDLIEEGNLGLIRAVEKFDPERGFRFSTYATWWIRQTIERAIMNQTRTIRLPIHIVKELNVYLRTARELSHKLDHEPSAEEIAEQLDKPVDDVSRMLRLNERITSVDTPLGGDSEKALLDILADEKENGPEDTTQDDDMKQSIVKWLFELNAKQREVLARRFGLLGYEAATLEDVGREIGLTRERVRQIQVEGLRRLREILQAQGLNIESLFRE,ATGAGTCAGAATACGCTGAAAGTTCATGATTTAAATGAAGATGCGGAATTTGATGAGAACGGAGTTGAGGTTTTTGACGAAAAGGCCTTAGTAGAACTGGAACCCAGTGATAACGATTTGGCCGAAGAGGAACTGTTATCGCAGGGAGCCACACAGCGTGTGTTGGACGCGACTCAGCTTTACCTTGGTGAGATTGGTTATTCACCACTGTTAACGGCCGAAGAAGAAGTTTATTTTGCGCGTCGCGCACTGCGTGGAGATGTCGCCTCTCGCCGCCGGATGATCGAGAGTAACTTGCGTCTGGTGGTAAAAATTGCCCGCCGTTATGGCAATCGTGGTCTGGCGTTGCTGGACCTTATCGAAGAGGGCAACCTGGGGCTGATCCGCGCGGTAGAGAAGTTTGACCCGGAACGTGGTTTCCGCTTCTCAACATACGCAACCTGGTGGATTCGCCAGACGATTGAACGGGCGATTATGAACCAAACCCGTACTATTCGTTTGCCGATTCACATCGTAAAGGAGCTGAACGTTTACCTGCGAACCGCACGTGAGTTGTCCCATAAGCTGGACCATGAACCAAGTGCGGAAGAGATCGCAGAGCAACTGGATAAGCCAGTTGATGACGTCAGCCGTATGCTTCGTCTTAACGAGCGCATTACCTCGGTAGACACCCCGCTGGGTGGTGATTCCGAAAAAGCGTTGCTGGACATCCTGGCCGATGAAAAAGAGAACGGTCCGGAAGATACCACGCAAGATGACGATATGAAGCAGAGCATCGTCAAATGGCTGTTCGA,rpoS,80%,MSQNTLKVHDLNEDAEFDENGVEVFDEKALVELEPSDNDLAEEELLSQGATQRVLDATQLYLGEIGYSPLLTAEEEVYFARRALRGDVASRRRMIESNLRLVVKIARRYGNRGLALLDLIEEGNLGLIRAVEKFDPERGFRFSTYATWWIRQTIERAIMNQTRTIRLPIHIVKELNVYLRTARELSHKLDHEPSAEEIAEQLDKPVDDVSRMLRLNERITSVDTPLGGDSEKALLDILADEKENGPEDTTQDDDMKQSIVKWLFELNAKQREVLARRFGLLGYEAATLEDVGREIGLTRERVRQIQVEGLRRLREILQTQGLNIEALFRE,99.39393939393939,96.96969696969697,264
cc7cd6cf1240441597fb7a320f16495b,MSQNTLKVHDLNEDAEFDENGVEVFDEKALVELEPSDNDLAEEELLSQGATQRVLDATQLYLGEIGYSPLLTAEEEVYFARRALRGDVASRRRMIESNLRLVVKIARRYGNRGLALLDLIEEGNLGLIRAVEKFDPERGFRFSTYATWWIRQTIERAIMNQTRTIRLPIHIVKELNVYLRTARELSHKLDHEPSAEEIAEQLDKPVDDVSRMLRLNERITSVDTPLGGDSEKALLDILADEKENGPEDTTQDDDMKQSIVKWLFELNAKQREVLARRFGLLGYEAATLEDVGREIGLTRERVRQIQVEGLRRLREILQGQGLNIEALFRE,ATGAGTCAGAATACGCTGAAAGTTCATGATTTAAATGAAGATGCGGAATTTGATGAGAACGGAGTTGAGGTTTTTGACGAAAAGGCCTTAGTAGAACTGGAACCCAGTGATAACGATTTGGCCGAAGAGGAACTGTTATCGCAGGGAGCCACACAGCGTGTGTTGGACGCGACTCAGCTTTACCTTGGTGAGATTGGTTATTCACCACTGTTAACGGCCGAAGAAGAAGTTTATTTTGCGCGTCGCGCACTGCGTGGAGATGTCGCCTCTCGCCGCCGGATGATCGAGAGTAACTTGCGTCTGGTGGTAAAAATTGCCCGCCGTTATGGCAATCGTGGTCTGGCGTTGCTGGACCTTATCGAAGAGGGCAACCTGGGGCTGATCCGCGCGGTAGAGAAGTTTGACCCGGAACGTGGTTTCCGCTTCTCAACATACGCAACCTGGTGGATTCGCCAGACGATTGAACGGGCGATTATGAACCAAACCCGTACTATTCGTTTGCCGATTCACATCGTAAAGGAGCTGAACGTTTACCTGCGAACCGCACGTGAGTTGTCCCATAAGCTGGACCATGAACCAAGTGCGGAAGAGATCGCAGAGCAACTGGATAAGCCAGTTGATGACGTCAGCCGTATGCTTCGTCTTAACGAGCGCATTACCTCGGTAGACACCCCGCTGGGTGGTGATTCCGAAAAAGCGTTGCTGGACATCCTGGCCGATGAAAAAGAGAACGGTCCGGAAGATACCACGCAAGATGACGATATGAAGCAGAGCATCGTCAAATGGCTGTTCGA,rpoS,80%,MSQNTLKVHDLNEDAEFDENGVEVFDEKALVELEPSDNDLAEEELLSQGATQRVLDATQLYLGEIGYSPLLTAEEEVYFARRALRGDVASRRRMIESNLRLVVKIARRYGNRGLALLDLIEEGNLGLIRAVEKFDPERGFRFSTYATWWIRQTIERAIMNQTRTIRLPIHIVKELNVYLRTARELSHKLDHEPSAEEIAEQLDKPVDDVSRMLRLNERITSVDTPLGGDSEKALLDILADEKENGPEDTTQDDDMKQSIVKWLFELNAKQREVLARRFGLLGYEAATLEDVGREIGLTRERVRQIQVEGLRRLREILQTQGLNIEALFRE,99.69696969696969,98.48484848484848,264
20c7056a32094ce8b4f8fe7cb978878a,MSQNTLKVHDLNEDAEFDENGVEVFDEKALVELEPSDNDLAEEELLSQGATQRVLDATQLYLGEIGYSPLLTAEEEVYFARRALRGDVASRRRMIESNLRLVVKIARRYGNRGLALLDLIEEGNLGLIRAVEKFDPERGFRFSTYATWWIRQTIERAIMNQTRTIRLPIHIVKELNVYLRTARELSHKLDHEPSAEEIAEQLDKPVDDVSRMLRLNERITSVDTPLGGDSEKALLDILADEKENGPEDTTQDDDMKQSIVKWLFELNAKQREVLARRFGLLGYEAATLEDVGREIGLTRERVRQIQVEGLRRLREILQTQGLNIEALFRE,ATGAGTCAGAATACGCTGAAAGTTCATGATTTAAATGAAGATGCGGAATTTGATGAGAACGGAGTTGAGGTTTTTGACGAAAAGGCCTTAGTAGAACTGGAACCCAGTGATAACGATTTGGCCGAAGAGGAACTGTTATCGCAGGGAGCCACACAGCGTGTGTTGGACGCGACTCAGCTTTACCTTGGTGAGATTGGTTATTCACCACTGTTAACGGCCGAAGAAGAAGTTTATTTTGCGCGTCGCGCACTGCGTGGAGATGTCGCCTCTCGCCGCCGGATGATCGAGAGTAACTTGCGTCTGGTGGTAAAAATTGCCCGCCGTTATGGCAATCGTGGTCTGGCGTTGCTGGACCTTATCGAAGAGGGCAACCTGGGGCTGATCCGCGCGGTAGAGAAGTTTGACCCGGAACGTGGTTTCCGCTTCTCAACATACGCAACCTGGTGGATTCGCCAGACGATTGAACGGGCGATTATGAACCAAACCCGTACTATTCGTTTGCCGATTCACATCGTAAAGGAGCTGAACGTTTACCTGCGAACCGCACGTGAGTTGTCCCATAAGCTGGACCATGAACCAAGTGCGGAAGAGATCGCAGAGCAACTGGATAAGCCAGTTGATGACGTCAGCCGTATGCTTCGTCTTAACGAGCGCATTACCTCGGTAGACACCCCGCTGGGTGGTGATTCCGAAAAAGCGTTGCTGGACATCCTGGCCGATGAAAAAGAGAACGGTCCGGAAGATACCACGCAAGATGACGATATGAAGCAGAGCATCGTCAAATGGCTGTTCGA,rpoS,80%,MSQNTLKVHDLNEDAEFDENGVEVFDEKALVELEPSDNDLAEEELLSQGATQRVLDATQLYLGEIGYSPLLTAEEEVYFARRALRGDVASRRRMIESNLRLVVKIARRYGNRGLALLDLIEEGNLGLIRAVEKFDPERGFRFSTYATWWIRQTIERAIMNQTRTIRLPIHIVKELNVYLRTARELSHKLDHEPSAEEIAEQLDKPVDDVSRMLRLNERITSVDTPLGGDSEKALLDILADEKENGPEDTTQDDDMKQSIVKWLFELNAKQREVLARRFGLLGYEAATLEDVGREIGLTRERVRQIQVEGLRRLREILQTQGLNIEALFRE,100.0,100.0,264
