Unnamed: 0,Evo Sequence ID,Description,DNA Sequence,RNA Sequence,Secondary Structure,MFE,Hairpins
0,exp_,exp_ AT6373 NC_021015:c1349379-1349334 [[Ruminococcus] torques L2-14],TCGAAAATATTGTTCGCTCACCGGAAGCGTCTAATAAATGTCCGGC,UCGAAAAUAUUGUUCGCUCACCGGAAGCGUCUAAUAAAUGUCCGGC,.((((.......))))....((((..((((.......)))))))).,-6.800000190734863,"[(4, 12, 5, 11), (29, 37, 30, 36)]"
1,exp_,exp_ AT6374 NC_021010:296200-296244 [Agathobacter rectalis DSM 17629],TGAAAGTTTACCACTGACCGATATGTGGTATATAAATGGTCGGGT,UGAAAGUUUACCACUGACCGAUAUGUGGUAUAUAAAUGGUCGGGU,.............(((((((.(((((...)))))..)))))))..,-9.600000381469728,[]
2,exp_,exp_ AT6365 AF001314:3504-3602 [Lactococcus lactis],TATCCAAGCCATAGTTGGAATTGATAAAATTGGAGTATCCAAGCCATAGTTGGAATTGATAAAATTGGAGTATCCAAGCCATAGTTGGAATTGATAAAA,UAUCCAAGCCAUAGUUGGAAUUGAUAAAAUUGGAGUAUCCAAGCCAUAGUUGGAAUUGAUAAAAUUGGAGUAUCCAAGCCAUAGUUGGAAUUGAUAAAA,((((....(((....)))....))))...(((((...(((((.(((....)))...........)))))...))))).(((....)))...........,-17.799999237060547,"[(10, 15, 11, 14), (45, 50, 46, 49), (80, 85, 81, 84)]"
3,exp_,exp_ AT6317 NC_011767:1706-1957 [Pectobacterium atrosepticum],AAGGTGATTTGCTACCTTTAAGTGCAGCTAGAAATTTAGGTGATTTGCTACCTTTAAGTGCAGCTAGAAATTCAGGTGATTTGCTACCTTTAAGTGCAGCTAGAAATTCAGGTGATTTGCTACCTTTAAGTGCAGCTAGAAATTCAGGTGATTTGCTACCTTTAAGTGCAGCTAGAAATTCAGGTGATTTACTACCTTTAAGTAATAAAGTAAAAGAGGCGACTACATAGTCGCCTTTTTTACGAGAAAAAT,AAGGUGAUUUGCUACCUUUAAGUGCAGCUAGAAAUUUAGGUGAUUUGCUACCUUUAAGUGCAGCUAGAAAUUCAGGUGAUUUGCUACCUUUAAGUGCAGCUAGAAAUUCAGGUGAUUUGCUACCUUUAAGUGCAGCUAGAAAUUCAGGUGAUUUGCUACCUUUAAGUGCAGCUAGAAAUUCAGGUGAUUUACUACCUUUAAGUAAUAAAGUAAAAGAGGCGACUACAUAGUCGCCUUUUUUACGAGAAAAAU,((((((......))))))(((((.((.((((....)))).))))))).....((((..((((..((((....(((((.(((((.....((((..((((..(((......(((((......))))))))..))))..))))....))))).))))).....))))..))))..)))).....(((((......)))))............(((((((((((((((....))))))))))))))).........,-59.59999847412109,"[(5, 12, 6, 11), (30, 35, 31, 34), (113, 120, 114, 119), (185, 192, 186, 191), (223, 228, 224, 227)]"
4,exp_,exp_ AT6366 NC_020240:c63541-63445 [Bacillus thuringiensis serovar kurstaki str. HD73],GTAACCTTACTTTAGTAGGTGCTAAAAAATTGGTGTAACTCTACCGTAGTGAGTACCAAAAAATTGGTGTAGCCTTACCGTAGTAGGCGCTAAAAAA,GUAACCUUACUUUAGUAGGUGCUAAAAAAUUGGUGUAACUCUACCGUAGUGAGUACCAAAAAAUUGGUGUAGCCUUACCGUAGUAGGCGCUAAAAAA,.....((((((...(((((((((((....)))))...)).))))...))))))((((((....))))))(((((((((....))))).)))).....,-24.399999618530277,"[(24, 29, 25, 28), (58, 63, 59, 62), (77, 82, 78, 81)]"
5,exp_,exp_ AT6371 NC_005126:c5646368-5646319 [Photorhabdus laumondii subsp. laumondii TTO1],GATTATGTGGCGGTAGAGGCATCCCCACGTTAAATAGAACAACCTCATTG,GAUUAUGUGGCGGUAGAGGCAUCCCCACGUUAAAUAGAACAACCUCAUUG,....((((((.((.........))))))))....................,-8.399999618530273,"[(12, 22, 13, 21)]"
6,exp_,exp_ AT6372 NC_021009:1041363-1041408 [Coprococcus catus GD/7],CAAATGTTTGTCGCTACTCGATATGCGACTTAGAAAAGGTCGAGTT,CAAAUGUUUGUCGCUACUCGAUAUGCGACUUAGAAAAGGUCGAGUU,........(((((.....)))))..((((((.....))))))....,-8.100000381469727,"[(12, 18, 13, 17), (30, 36, 31, 35)]"
7,exp_,exp_ AT10071 NZ_LDDO01000030:1473-1683 [Escherichia coli],AAGGTGATTTGCTACCTTTAAGTGCAGCTAGAAATTTAGGTGATTTGCTACCTTTAAGTGCAGCTAGAAATTTAGGTGATTTGCTACCTTTAAGTGCAGCTAGAAATTCAGGTGATTTGCTACCTTTAAGTGCAGCTAGAAATTCAGGTGATTTGCTACCTTTAAGTGCAGCTAGAAATTTAGGTCATTTACTACCTTAAAGTAATAAAGT,AAGGUGAUUUGCUACCUUUAAGUGCAGCUAGAAAUUUAGGUGAUUUGCUACCUUUAAGUGCAGCUAGAAAUUUAGGUGAUUUGCUACCUUUAAGUGCAGCUAGAAAUUCAGGUGAUUUGCUACCUUUAAGUGCAGCUAGAAAUUCAGGUGAUUUGCUACCUUUAAGUGCAGCUAGAAAUUUAGGUCAUUUACUACCUUAAAGUAAUAAAGU,((((((......))))))(((((.((.(((((..(((((.(((((((.......))))).)).)))))..))))).)))))))....(((((((.(.((...(((.(((((.(((((((.......))))).)).)).))).)))(((((......))))).((((((.(.((((....)))).))))))))).)))))))).........,-39.400001525878906,"[(5, 12, 6, 11), (46, 54, 47, 53), (118, 126, 119, 125), (149, 156, 150, 155), (174, 179, 175, 178)]"
8,hyp_,hyp_ AT22612 NC_010181:47183-47279 [Bacillus mycoides KBAB4],GTAGCCTTACTTTAGTAGGCGCGAAAAAATTGGTGTAACTCTACCGTAGTGAGTACCAAAAAATTGGTGTAGCCTTACCGTAGTAGGCACAAAAAAA,GUAGCCUUACUUUAGUAGGCGCGAAAAAAUUGGUGUAACUCUACCGUAGUGAGUACCAAAAAAUUGGUGUAGCCUUACCGUAGUAGGCACAAAAAAA,((.((((.(((...((((((((.((....(((((...((((.((....)))))))))))....)).))...))).)))...))))))))).......,-23.5,"[(43, 48, 44, 47)]"
9,hyp_,hyp_ AT29326 NC_021010:296155-296199 [Agathobacter rectalis DSM 17629],TGAAAGTTTACCACTGACCGATATGTGGTATATAAATGGTCGGGT,UGAAAGUUUACCACUGACCGAUAUGUGGUAUAUAAAUGGUCGGGU,.............(((((((.(((((...)))))..)))))))..,-9.600000381469728,[]
10,hyp_,hyp_ AT34886 NZ_AP022181:c3715-3568 [Escherichia coli],TTCAAGGTGATTTGCTACCTTTAAGTGCAGCTAGAAATTTAGGTGATTTGCTACCTTTAAGTGCAGCTAGAAATTTAGGTCATTTACTACCTTAAAGTAATAAAGTAAAAAAGGCGACTATACACAGTCGCCTTTTTTATGAGAAAAA,UUCAAGGUGAUUUGCUACCUUUAAGUGCAGCUAGAAAUUUAGGUGAUUUGCUACCUUUAAGUGCAGCUAGAAAUUUAGGUCAUUUACUACCUUAAAGUAAUAAAGUAAAAAAGGCGACUAUACACAGUCGCCUUUUUUAUGAGAAAAA,...((((((......))))))((((((.(.(((((..(((((.(((((((.......))))).)).)))))..))))).)))))))..................(((((((((((((((......)))))))))))))))........,-39.20000076293945,"[(8, 15, 9, 14), (49, 57, 50, 56), (118, 125, 119, 124)]"
11,hyp_,hyp_ AT54132 NZ_CP011351:c80308-80212 [Bacillus thuringiensis],GTAACCTTACTTTAGTAGGTGCGAAAAAATTGGTGTAACTCTACCGTAGTGAGTACCAAAAAATTGGTGTAGCCTTACCGTAGTAGGCGCTAAAAAA,GUAACCUUACUUUAGUAGGUGCGAAAAAAUUGGUGUAACUCUACCGUAGUGAGUACCAAAAAAUUGGUGUAGCCUUACCGUAGUAGGCGCUAAAAAA,.....((((((...((((((((.((....)).))...)).))))...))))))((((((....))))))(((((((((....))))).)))).....,-22.700000762939453,"[(24, 29, 25, 28), (58, 63, 59, 62), (77, 82, 78, 81)]"
12,hyp_,hyp_ AT57853 NZ_CP013059:8541-8637 [Bacillus thuringiensis],GTAACCTTACTTTAGTAGGTGCGAAAAAATTGGTGTAACTCTACCGTAGTGAGTACCAAAAAATTGGTGTAGCCTTACCGTAGTAGGCGCTAAAAAA,GUAACCUUACUUUAGUAGGUGCGAAAAAAUUGGUGUAACUCUACCGUAGUGAGUACCAAAAAAUUGGUGUAGCCUUACCGUAGUAGGCGCUAAAAAA,.....((((((...((((((((.((....)).))...)).))))...))))))((((((....))))))(((((((((....))))).)))).....,-22.700000762939453,"[(24, 29, 25, 28), (58, 63, 59, 62), (77, 82, 78, 81)]"
13,hyp_,hyp_ AT62515 NZ_CP015154:5131-5227 [Bacillus thuringiensis],GTAACCTTACTTTAGTAGGTGCGAAAAAATTGGTGTAACTCTACCGTAGTGAGTACCAAAAAATTGGTGTAGCCTTACCGTAGTAGGCGCTAAAAAA,GUAACCUUACUUUAGUAGGUGCGAAAAAAUUGGUGUAACUCUACCGUAGUGAGUACCAAAAAAUUGGUGUAGCCUUACCGUAGUAGGCGCUAAAAAA,.....((((((...((((((((.((....)).))...)).))))...))))))((((((....))))))(((((((((....))))).)))).....,-22.700000762939453,"[(24, 29, 25, 28), (58, 63, 59, 62), (77, 82, 78, 81)]"
14,hyp_,hyp_ AT62596 NZ_CP015180:c63460-63364 [Bacillus thuringiensis serovar alesti],GTAACCTTACTTTAGTAGGTGCTAAAAAATTGGTGTAACTCTACCGTAGTGAGTACCAAAAAATTGGTGTAGCCTTACCGTAGTAGGCGCTAAAAAA,GUAACCUUACUUUAGUAGGUGCUAAAAAAUUGGUGUAACUCUACCGUAGUGAGUACCAAAAAAUUGGUGUAGCCUUACCGUAGUAGGCGCUAAAAAA,.....((((((...(((((((((((....)))))...)).))))...))))))((((((....))))))(((((((((....))))).)))).....,-24.399999618530277,"[(24, 29, 25, 28), (58, 63, 59, 62), (77, 82, 78, 81)]"
15,hyp_,hyp_ AT62864 NZ_CP015281:c5646365-5646316 [Photorhabdus laumondii subsp. laumondii],GATTATGTGGCGGTAGAGGCATCCCCACGTTAAATAGAACAACCTCATTG,GAUUAUGUGGCGGUAGAGGCAUCCCCACGUUAAAUAGAACAACCUCAUUG,....((((((.((.........))))))))....................,-8.399999618530273,"[(12, 22, 13, 21)]"
16,hyp_,hyp_ AT75376 NZ_CP020746:c82993-82898 [Bacillus mycoides],GTAGCCTTACTTTAGTAGGCGCGAAAAAATTGGTGTAACTCTACCGTAGTGAGTACCAAAAAATTGGTGTAGCCTTACCGTAGTAGGCACAAAAAA,GUAGCCUUACUUUAGUAGGCGCGAAAAAAUUGGUGUAACUCUACCGUAGUGAGUACCAAAAAAUUGGUGUAGCCUUACCGUAGUAGGCACAAAAAA,((.((((.(((...((((((((.((....(((((...((((.((....)))))))))))....)).))...))).)))...)))))))))......,-23.5,"[(43, 48, 44, 47)]"
17,hyp_,hyp_ AT86714 NZ_CP024097:c25247-25151 [Bacillus cytotoxicus],GTAGCCTTACTTTAGTAGGCGCGAAAAAATTGGTGTAACTCTACCGTAGTGAGTACCAAAAAATTGGTGTAGCCTTACCGTAGTAGGCACAAAAAAA,GUAGCCUUACUUUAGUAGGCGCGAAAAAAUUGGUGUAACUCUACCGUAGUGAGUACCAAAAAAUUGGUGUAGCCUUACCGUAGUAGGCACAAAAAAA,((.((((.(((...((((((((.((....(((((...((((.((....)))))))))))....)).))...))).)))...))))))))).......,-23.5,"[(43, 48, 44, 47)]"
18,hyp_,hyp_ AT86720 NZ_CP024100:c390-294 [Bacillus cytotoxicus],GTAGCCTTACTTTAGTAGGCGCGAAAAAAATTGGTGTAACTCTACCGTAGTGAGTACCAAAAAATTGGTGTAGCCTTACCGTAGTAGGCACAAAAAA,GUAGCCUUACUUUAGUAGGCGCGAAAAAAAUUGGUGUAACUCUACCGUAGUGAGUACCAAAAAAUUGGUGUAGCCUUACCGUAGUAGGCACAAAAAA,((.((((.(((...(((((((((.......(((((...((((.((....)))))))))))........))).))).)))...)))))))))......,-23.5,"[(44, 49, 45, 48)]"
19,hyp_,hyp_ AT86726 NZ_CP024103:66404-66500 [Bacillus cytotoxicus],GTAGCCTTACTTTAGTAGGCGCGAAAAAATTGGTGTAACTCTACCGTAGTGAGTACCAAAAAATTGGTGTAGCCTTACCGTAGTAGGCACAAAAAAA,GUAGCCUUACUUUAGUAGGCGCGAAAAAAUUGGUGUAACUCUACCGUAGUGAGUACCAAAAAAUUGGUGUAGCCUUACCGUAGUAGGCACAAAAAAA,((.((((.(((...((((((((.((....(((((...((((.((....)))))))))))....)).))...))).)))...))))))))).......,-23.5,"[(43, 48, 44, 47)]"
20,hyp_,hyp_ AT86729 NZ_CP024106:28902-28998 [Bacillus cytotoxicus],GTAGCCTTACTTTAGTAGGCGCGAAAAAATTGGTGTAACTCTACCGTAGTGAGTACCAAAAAATTGGTGTAGCCTTACCGTAGTAGGCACAAAAAAA,GUAGCCUUACUUUAGUAGGCGCGAAAAAAUUGGUGUAACUCUACCGUAGUGAGUACCAAAAAAUUGGUGUAGCCUUACCGUAGUAGGCACAAAAAAA,((.((((.(((...((((((((.((....(((((...((((.((....)))))))))))....)).))...))).)))...))))))))).......,-23.5,"[(43, 48, 44, 47)]"
21,hyp_,hyp_ AT86735 NZ_CP024108:c21087-20991 [Bacillus cytotoxicus],GTAGCCTTACTTTAGTAGGCGCGAAAAAATTGGTGTAACTCTACCGTAGTGAGTACCAAAAAATTGGTGTAGCCTTACCGTAGTAGGCACAAAAAAA,GUAGCCUUACUUUAGUAGGCGCGAAAAAAUUGGUGUAACUCUACCGUAGUGAGUACCAAAAAAUUGGUGUAGCCUUACCGUAGUAGGCACAAAAAAA,((.((((.(((...((((((((.((....(((((...((((.((....)))))))))))....)).))...))).)))...))))))))).......,-23.5,"[(43, 48, 44, 47)]"
22,hyp_,hyp_ AT86741 NZ_CP024110:4350-4446 [Bacillus cytotoxicus],GTAGCCTTACTTTAGTAGGCGCGAAAAAATTGGTGTAACTCTACCGTAGTGAGTACCAAAAAATTGGTGTAGCCTTACCGTAGTAGGCACAAAAAAA,GUAGCCUUACUUUAGUAGGCGCGAAAAAAUUGGUGUAACUCUACCGUAGUGAGUACCAAAAAAUUGGUGUAGCCUUACCGUAGUAGGCACAAAAAAA,((.((((.(((...((((((((.((....(((((...((((.((....)))))))))))....)).))...))).)))...))))))))).......,-23.5,"[(43, 48, 44, 47)]"
23,hyp_,hyp_ AT86747 NZ_CP024112:c21087-20991 [Bacillus cytotoxicus],GTAGCCTTACTTTAGTAGGCGCGAAAAAATTGGTGTAACTCTACCGTAGTGAGTACCAAAAAATTGGTGTAGCCTTACCGTAGTAGGCACAAAAAAA,GUAGCCUUACUUUAGUAGGCGCGAAAAAAUUGGUGUAACUCUACCGUAGUGAGUACCAAAAAAUUGGUGUAGCCUUACCGUAGUAGGCACAAAAAAA,((.((((.(((...((((((((.((....(((((...((((.((....)))))))))))....)).))...))).)))...))))))))).......,-23.5,"[(43, 48, 44, 47)]"
24,hyp_,hyp_ AT86753 NZ_CP024115:c8052-7956 [Bacillus cytotoxicus],GTAGCCTTACTTTAGTAGGCGCGAAAAAATTGGTGTAACTCTACCGTAGTGAGTACCAAAAAATTGGTGTAGCCTTACCGTAGTAGGCACAAAAAAA,GUAGCCUUACUUUAGUAGGCGCGAAAAAAUUGGUGUAACUCUACCGUAGUGAGUACCAAAAAAUUGGUGUAGCCUUACCGUAGUAGGCACAAAAAAA,((.((((.(((...((((((((.((....(((((...((((.((....)))))))))))....)).))...))).)))...))))))))).......,-23.5,"[(43, 48, 44, 47)]"
25,hyp_,hyp_ AT86759 NZ_CP024118:10368-10464 [Bacillus cytotoxicus],GTAGCCTTACTTTAGTAGGCGCGAAAAAATTGGTGTAACTCTACCGTAGTGAGTACCAAAAAATTGGTGTAGCCTTACCGTAGTAGGCACAAAAAAA,GUAGCCUUACUUUAGUAGGCGCGAAAAAAUUGGUGUAACUCUACCGUAGUGAGUACCAAAAAAUUGGUGUAGCCUUACCGUAGUAGGCACAAAAAAA,((.((((.(((...((((((((.((....(((((...((((.((....)))))))))))....)).))...))).)))...))))))))).......,-23.5,"[(43, 48, 44, 47)]"
26,hyp_,hyp_ AT86765 NZ_CP024122:c6945-6849 [Bacillus cytotoxicus],GTAGCCTTACTTTAGTAGGCGCGAAAAAATTGGTGTAACTCTACCGTAGTGAGTACCAAAAAATTGGTGTAGCCTTACCGTAGTAGGCACAAAAAAA,GUAGCCUUACUUUAGUAGGCGCGAAAAAAUUGGUGUAACUCUACCGUAGUGAGUACCAAAAAAUUGGUGUAGCCUUACCGUAGUAGGCACAAAAAAA,((.((((.(((...((((((((.((....(((((...((((.((....)))))))))))....)).))...))).)))...))))))))).......,-23.5,"[(43, 48, 44, 47)]"
27,hyp_,hyp_ AT89189 NZ_CP024900:c5495988-5495939 [Photorhabdus laumondii subsp. laumondii],GATTATGTGGCGGTAGAGGCATCCCCACGTTAAATAGAACAACCTCATTG,GAUUAUGUGGCGGUAGAGGCAUCCCCACGUUAAAUAGAACAACCUCAUUG,....((((((.((.........))))))))....................,-8.399999618530273,"[(12, 22, 13, 21)]"
28,hyp_,hyp_ AT89225 NZ_CP024901:c5645058-5645009 [Photorhabdus laumondii subsp. laumondii],GATTATGTGGCGGTAGAGGCATCCCCACGTTAAATAGAACAACCTCATTG,GAUUAUGUGGCGGUAGAGGCAUCCCCACGUUAAAUAGAACAACCUCAUUG,....((((((.((.........))))))))....................,-8.399999618530273,"[(12, 22, 13, 21)]"
29,hyp_,hyp_ AT119130 NZ_CP035971:12554-12650 [Bacillus mycoides],GTAGCCTTACTTTAGTAGGCGCGAAAAAATTGGTGTAACTCTACCGTAGTGAGTACCAAAAAATTGGTGTAGCCTTACCGTAGTAGGCGCAAAAAAA,GUAGCCUUACUUUAGUAGGCGCGAAAAAAUUGGUGUAACUCUACCGUAGUGAGUACCAAAAAAUUGGUGUAGCCUUACCGUAGUAGGCGCAAAAAAA,...((((((((...((((((((.((....(((((...((((.((....)))))))))))....)).))...))).)))...)))))).)).......,-23.399999618530277,"[(43, 48, 44, 47)]"
30,hyp_,hyp_ AT119154 NZ_CP036014:46451-46547 [Bacillus toyonensis],GTAACCTTACTTTAGTAGGTGCGAAAAAATTGGTGTAACTCTACCGTAGTGAGTACCAAAAAATTGGTGTAGCCTTACCGTAGTAGGCGCTAAAAAA,GUAACCUUACUUUAGUAGGUGCGAAAAAAUUGGUGUAACUCUACCGUAGUGAGUACCAAAAAAUUGGUGUAGCCUUACCGUAGUAGGCGCUAAAAAA,.....((((((...((((((((.((....)).))...)).))))...))))))((((((....))))))(((((((((....))))).)))).....,-22.700000762939453,"[(24, 29, 25, 28), (58, 63, 59, 62), (77, 82, 78, 81)]"
31,hyp_,hyp_ AT119170 NZ_CP036037:8725-8821 [Bacillus mycoides],GTAGCCTTACTTTAGTAGGCGCGAAAAAATTGGTGTAACTCTACCGTAGTGAGTACCAAAAAATTGGTGTAGCCTTACCGTAGTAGGCACAAAAAAA,GUAGCCUUACUUUAGUAGGCGCGAAAAAAUUGGUGUAACUCUACCGUAGUGAGUACCAAAAAAUUGGUGUAGCCUUACCGUAGUAGGCACAAAAAAA,((.((((.(((...((((((((.((....(((((...((((.((....)))))))))))....)).))...))).)))...))))))))).......,-23.5,"[(43, 48, 44, 47)]"
32,hyp_,hyp_ AT119184 NZ_CP036059:15863-15959 [Bacillus mycoides],GTAGCCTTACTTTAGTAGGCGCGAAAAAATTGGTGTAACTCTACCGTAGTGAGTACCAAAAAATTGGTGTAGCCTTACCGTAGTAGGCGCAAAAAAA,GUAGCCUUACUUUAGUAGGCGCGAAAAAAUUGGUGUAACUCUACCGUAGUGAGUACCAAAAAAUUGGUGUAGCCUUACCGUAGUAGGCGCAAAAAAA,...((((((((...((((((((.((....(((((...((((.((....)))))))))))....)).))...))).)))...)))))).)).......,-23.399999618530277,"[(43, 48, 44, 47)]"
33,hyp_,hyp_ AT119208 NZ_CP036105:12914-13010 [Bacillus mycoides],GTAGCCTTACTTTAGTAGGCGCGAAAAAATTGGTGTAACTCTACCGTAGTGAGTACCAAAAAATTGGTGTAGCCTTACCGTAGTAGGCGCAAAAAAA,GUAGCCUUACUUUAGUAGGCGCGAAAAAAUUGGUGUAACUCUACCGUAGUGAGUACCAAAAAAUUGGUGUAGCCUUACCGUAGUAGGCGCAAAAAAA,...((((((((...((((((((.((....(((((...((((.((....)))))))))))....)).))...))).)))...)))))).)).......,-23.399999618530277,"[(43, 48, 44, 47)]"
34,hyp_,hyp_ AT119214 NZ_CP036116:39398-39494 [Bacillus mycoides],GTAGCCTTACTTTAGTAGGCGCGAAAAAATTGGTGTAACTCTACCGTAGTGAGTACCAAAAAATTGGTGTAGCCTTACCGTAGTAGGCGCAAAAAAA,GUAGCCUUACUUUAGUAGGCGCGAAAAAAUUGGUGUAACUCUACCGUAGUGAGUACCAAAAAAUUGGUGUAGCCUUACCGUAGUAGGCGCAAAAAAA,...((((((((...((((((((.((....(((((...((((.((....)))))))))))....)).))...))).)))...)))))).)).......,-23.399999618530277,"[(43, 48, 44, 47)]"
35,hyp_,hyp_ AT121285 NZ_CP038306:c2183-1968 [Escherichia coli O157:H7],AGGTGATTTGCTACCTTTAAGTGCAGCTAGAAATTTAGGTGATTTGCTACCTTTAAGTGCAGCTAGAAATTTAGGTGATTTGCTACCTTTAAGTGCAGCTAGAAATTCAGGTGATTTGCTACCTTTAAGTGCAGCTAGAAATTTAGGTCATTTACTACCTTAAAGTAATAAAGTAAAAAAGGCGACTATACACAGTCGCCTTTTTTACGAGAAAAA,AGGUGAUUUGCUACCUUUAAGUGCAGCUAGAAAUUUAGGUGAUUUGCUACCUUUAAGUGCAGCUAGAAAUUUAGGUGAUUUGCUACCUUUAAGUGCAGCUAGAAAUUCAGGUGAUUUGCUACCUUUAAGUGCAGCUAGAAAUUUAGGUCAUUUACUACCUUAAAGUAAUAAAGUAAAAAAGGCGACUAUACACAGUCGCCUUUUUUACGAGAAAAA,(((((......))))).((((((.(.(((((..(((((.(((((((.......(((((.((.((.(((.(((((.(((((((.......))))).)).)))))..))))).))))))).......))))).)).)))))..))))).)))))))..................(((((((((((((((......)))))))))))))))........,-53.0,"[(4, 11, 5, 10), (81, 89, 82, 88), (186, 193, 187, 192)]"
36,hyp_,hyp_ AT121328 NZ_CP038310:c2183-1968 [Escherichia coli O157:H7],AGGTGATTTGCTACCTTTAAGTGCAGCTAGAAATTTAGGTGATTTGCTACCTTTAAGTGCAGCTAGAAATTTAGGTGATTTGCTACCTTTAAGTGCAGCTAGAAATTCAGGTGATTTGCTACCTTTAAGTGCAGCTAGAAATTTAGGTCATTTACTACCTTAAAGTAATAAAGTAAAAAAGGCGACTATACACAGTCGCCTTTTTTACGAGAAAAA,AGGUGAUUUGCUACCUUUAAGUGCAGCUAGAAAUUUAGGUGAUUUGCUACCUUUAAGUGCAGCUAGAAAUUUAGGUGAUUUGCUACCUUUAAGUGCAGCUAGAAAUUCAGGUGAUUUGCUACCUUUAAGUGCAGCUAGAAAUUUAGGUCAUUUACUACCUUAAAGUAAUAAAGUAAAAAAGGCGACUAUACACAGUCGCCUUUUUUACGAGAAAAA,(((((......))))).((((((.(.(((((..(((((.(((((((.......(((((.((.((.(((.(((((.(((((((.......))))).)).)))))..))))).))))))).......))))).)).)))))..))))).)))))))..................(((((((((((((((......)))))))))))))))........,-53.0,"[(4, 11, 5, 10), (81, 89, 82, 88), (186, 193, 187, 192)]"
37,hyp_,hyp_ AT122382 NZ_CP038399:c2678-2427 [Escherichia coli O157:H7],AGGTGATTTGCTACCTTTAAGTGCAGCTAGAAATTTAGGTGATTTGCTACCTTTAAGTGCAGCTAGAAATTTAGGTGATTTGCTACCTTTAAGTGCAGCTAGAAATTCAGGTGATTTGCTACCTTTAAGTGCAGCTAGAAATTTAGGTGATTTGCTACCTTTAAGTGCAGCTAGAAATTTAGGTCATTTACTACCTTAAAGTAATAAAGTAAAAAAGGCGACTATACACAGTCGCCTTTTTTACGAGAAAAA,AGGUGAUUUGCUACCUUUAAGUGCAGCUAGAAAUUUAGGUGAUUUGCUACCUUUAAGUGCAGCUAGAAAUUUAGGUGAUUUGCUACCUUUAAGUGCAGCUAGAAAUUCAGGUGAUUUGCUACCUUUAAGUGCAGCUAGAAAUUUAGGUGAUUUGCUACCUUUAAGUGCAGCUAGAAAUUUAGGUCAUUUACUACCUUAAAGUAAUAAAGUAAAAAAGGCGACUAUACACAGUCGCCUUUUUUACGAGAAAAA,(((((......))))).(((((.((.(((((..(((((.(((((((.......))))).)).)))))..))))).)))))))....(((((((.(.((..........(((((......))))).((((((.(.(((((..(((((.(((((((.......))))).)).)))))..))))).))))))))).)))))))).......(((((((((((((((......)))))))))))))))........,-62.09999847412109,"[(4, 11, 5, 10), (45, 53, 46, 52), (112, 119, 113, 118), (153, 161, 154, 160), (222, 229, 223, 228)]"
38,hyp_,hyp_ AT124989 NZ_CP040109:c2183-1968 [Escherichia coli O157:H7],AGGTGATTTGCTACCTTTAAGTGCAGCTAGAAATTTAGGTGATTTGCTACCTTTAAGTGCAGCTAGAAATTTAGGTGATTTGCTACCTTTAAGTGCAGCTAGAAATTCAGGTGATTTGCTACCTTTAAGTGCAGCTAGAAATTTAGGTCATTTACTACCTTAAAGTAATAAAGTAAAAAAGGCGACTATACACAGTCGCCTTTTTTACGAGAAAAA,AGGUGAUUUGCUACCUUUAAGUGCAGCUAGAAAUUUAGGUGAUUUGCUACCUUUAAGUGCAGCUAGAAAUUUAGGUGAUUUGCUACCUUUAAGUGCAGCUAGAAAUUCAGGUGAUUUGCUACCUUUAAGUGCAGCUAGAAAUUUAGGUCAUUUACUACCUUAAAGUAAUAAAGUAAAAAAGGCGACUAUACACAGUCGCCUUUUUUACGAGAAAAA,(((((......))))).((((((.(.(((((..(((((.(((((((.......(((((.((.((.(((.(((((.(((((((.......))))).)).)))))..))))).))))))).......))))).)).)))))..))))).)))))))..................(((((((((((((((......)))))))))))))))........,-53.0,"[(4, 11, 5, 10), (81, 89, 82, 88), (186, 193, 187, 192)]"
39,hyp_,hyp_ AT138033 NZ_CP043231:5573-5669 [Bacillus thuringiensis],GTAACCTTACTTTAGTAGGTGCGAAAAAATTGGTGTAACTCTACCGTAGTGAGTACCAAAAAATTGGTGTAGCCTTACCGTAGTAGGCGCTAAAAAA,GUAACCUUACUUUAGUAGGUGCGAAAAAAUUGGUGUAACUCUACCGUAGUGAGUACCAAAAAAUUGGUGUAGCCUUACCGUAGUAGGCGCUAAAAAA,.....((((((...((((((((.((....)).))...)).))))...))))))((((((....))))))(((((((((....))))).)))).....,-22.700000762939453,"[(24, 29, 25, 28), (58, 63, 59, 62), (77, 82, 78, 81)]"
40,hyp_,hyp_ AT148484 NZ_CP047879:c2761-2550 [Escherichia coli],AGGTGATTTGCTACCTTTAAGTGCAGCTAGAAATTCAGGTGATTTGCTACCTTAAGTGCAGCTAGAAATTCAGGTGATTTGCTACCTTTAAGTGCAGCTAGAAATTCAGGTGATTTGCTACCTTAAGTGCAGCTAGAAATTTAGGTCATTTACTACCTTAAAGTAATACAGTAAAAGAGGCGACTACACAGTCGCCTTTTTTACGAGAAAAA,AGGUGAUUUGCUACCUUUAAGUGCAGCUAGAAAUUCAGGUGAUUUGCUACCUUAAGUGCAGCUAGAAAUUCAGGUGAUUUGCUACCUUUAAGUGCAGCUAGAAAUUCAGGUGAUUUGCUACCUUAAGUGCAGCUAGAAAUUUAGGUCAUUUACUACCUUAAAGUAAUACAGUAAAAGAGGCGACUACACAGUCGCCUUUUUUACGAGAAAAA,(((((..((((.((......))))))...(((.(((((.(((((((......))))).)).)).))).)))(((((......))))).((((((.(.(((((..(((((.(((((((......))))).)).)).))).))))).))))))).)))))............(((((((((((((((....)))))))))))))))........,-52.20000076293945,"[(13, 20, 14, 19), (45, 52, 46, 51), (75, 82, 76, 81), (116, 123, 117, 122), (184, 189, 185, 188)]"
41,hyp_,hyp_ AT159090 NZ_CP054229:c6349-6137 [Escherichia coli],AGGTGATTTGCTACCTTTAAGTGCAGCTAGAAATTCAGGTGATTTGCTACCTTTAAGTGCAGCTAGAAATTCAGGTGATTTGCTACCTTTAAGTGCAGCTAGAAATTCAGGTGATTTGCTACCTTAAGTGCAGCTAGAAATTTAGGTCATTTACTACCTTAAAGTAATACAGTAAAAGAGGCGACTACACAGTCGCCTTTTTTACGAGAAAAA,AGGUGAUUUGCUACCUUUAAGUGCAGCUAGAAAUUCAGGUGAUUUGCUACCUUUAAGUGCAGCUAGAAAUUCAGGUGAUUUGCUACCUUUAAGUGCAGCUAGAAAUUCAGGUGAUUUGCUACCUUAAGUGCAGCUAGAAAUUUAGGUCAUUUACUACCUUAAAGUAAUACAGUAAAAGAGGCGACUACACAGUCGCCUUUUUUACGAGAAAAA,..((((((((.....((((..((((..(((.....(((((.(((((.....((((..((((..(((......(((((......))))))))..))))..))))....))))).))))).....)))..))))..))))....))))))))(((((.......)))))....(((((((((((((((....)))))))))))))))........,-51.70000076293945,"[(76, 83, 77, 82), (154, 162, 155, 161), (185, 190, 186, 189)]"
42,hyp_,hyp_ AT178569 NZ_CP063507:c3583-3368 [Escherichia coli],AGGTGATTTGCTACCTTTAAGTGCAGCTAGAAATTTAGGTGATTTGCTACCTTTAAGTGCAGCTAGAAATTCAGGTGATTTGCTACCTTTAAGTGCAGCTAGAAATTCAGGTGATTTGCTACCTTTAAGTGCAGCTAGAAATTTAGGTCATTTACTACCTTAAAGTAATAAAGTAAAAAAGGCGACTATACACAGTCGCCTTTTTTACGAGAAAAA,AGGUGAUUUGCUACCUUUAAGUGCAGCUAGAAAUUUAGGUGAUUUGCUACCUUUAAGUGCAGCUAGAAAUUCAGGUGAUUUGCUACCUUUAAGUGCAGCUAGAAAUUCAGGUGAUUUGCUACCUUUAAGUGCAGCUAGAAAUUUAGGUCAUUUACUACCUUAAAGUAAUAAAGUAAAAAAGGCGACUAUACACAGUCGCCUUUUUUACGAGAAAAA,(((((......))))).((((((.(.(((((..(((((.(((((((.......(((((.((.((.(((.(((((.(((((((.......))))).)).)).))).))))).))))))).......))))).)).)))))..))))).)))))))..................(((((((((((((((......)))))))))))))))........,-53.20000076293945,"[(4, 11, 5, 10), (81, 89, 82, 88), (186, 193, 187, 192)]"
43,hyp_,hyp_ AT184154 NZ_CP066190:52722-52818 [Bacillus cytotoxicus],GTAGCCTTACTTTAGTAGGCGCGAAAAAATTGGTGTAACTCTACCGTAGTGAGTACCAAAAAATTGGTGTAGCCTTACCGTAGTAGGCACAAAAAAA,GUAGCCUUACUUUAGUAGGCGCGAAAAAAUUGGUGUAACUCUACCGUAGUGAGUACCAAAAAAUUGGUGUAGCCUUACCGUAGUAGGCACAAAAAAA,((.((((.(((...((((((((.((....(((((...((((.((....)))))))))))....)).))...))).)))...))))))))).......,-23.5,"[(43, 48, 44, 47)]"
44,hyp_,hyp_ AT184162 NZ_CP066196:52722-52818 [Bacillus cytotoxicus],GTAGCCTTACTTTAGTAGGCGCGAAAAAATTGGTGTAACTCTACCGTAGTGAGTACCAAAAAATTGGTGTAGCCTTACCGTAGTAGGCACAAAAAAA,GUAGCCUUACUUUAGUAGGCGCGAAAAAAUUGGUGUAACUCUACCGUAGUGAGUACCAAAAAAUUGGUGUAGCCUUACCGUAGUAGGCACAAAAAAA,((.((((.(((...((((((((.((....(((((...((((.((....)))))))))))....)).))...))).)))...))))))))).......,-23.5,"[(43, 48, 44, 47)]"
45,hyp_,hyp_ AT196976 NZ_CP071814:12518-12614 [Bacillus mycoides],GTAGCCTTACTTTAGTAGGCGCGAAAAAATTGGTGTAACTCTACCGTAGTGAGTACCAAAAAATTGGTGTAGCCTTACCGTAGTAGGCGCAAAAAAA,GUAGCCUUACUUUAGUAGGCGCGAAAAAAUUGGUGUAACUCUACCGUAGUGAGUACCAAAAAAUUGGUGUAGCCUUACCGUAGUAGGCGCAAAAAAA,...((((((((...((((((((.((....(((((...((((.((....)))))))))))....)).))...))).)))...)))))).)).......,-23.399999618530277,"[(43, 48, 44, 47)]"
46,hyp_,hyp_ AT197292 NZ_CP072063:15863-15959 [Bacillus mycoides],GTAGCCTTACTTTAGTAGGCGCGAAAAAATTGGTGTAACTCTACCGTAGTGAGTACCAAAAAATTGGTGTAGCCTTACCGTAGTAGGCGCAAAAAAA,GUAGCCUUACUUUAGUAGGCGCGAAAAAAUUGGUGUAACUCUACCGUAGUGAGUACCAAAAAAUUGGUGUAGCCUUACCGUAGUAGGCGCAAAAAAA,...((((((((...((((((((.((....(((((...((((.((....)))))))))))....)).))...))).)))...)))))).)).......,-23.399999618530277,"[(43, 48, 44, 47)]"
47,hyp_,hyp_ AT198335 NZ_CP072693:c71564-71468 [Bacillus thuringiensis],GTAGCCTTACTTTAGTAGGCGCGAAAAAATTGGTGTAACTCTACCGTAGTGAGTACCAAAAAATTGGTGTAGCCTTACCGTAGTAGGCACAAAAAAA,GUAGCCUUACUUUAGUAGGCGCGAAAAAAUUGGUGUAACUCUACCGUAGUGAGUACCAAAAAAUUGGUGUAGCCUUACCGUAGUAGGCACAAAAAAA,((.((((.(((...((((((((.((....(((((...((((.((....)))))))))))....)).))...))).)))...))))))))).......,-23.5,"[(43, 48, 44, 47)]"
48,hyp_,hyp_ AT205959 NZ_CP076562:65916-65961 [Eubacterium sp. MSJ-33],CAAATGTTTGTCGCTACTCGATATGCGACTTAGAAAAGGTCGAGTT,CAAAUGUUUGUCGCUACUCGAUAUGCGACUUAGAAAAGGUCGAGUU,........(((((.....)))))..((((((.....))))))....,-8.100000381469727,"[(12, 18, 13, 17), (30, 36, 31, 35)]"
49,hyp_,hyp_ AT216149 NZ_CP083089:54577-54673 [Bacillus thuringiensis],GTAACCTTACTTTAGTAGGTGCGAAAAAATTGGTGTAACTCTACCGTAGTGAGTACCAAAAAATTGGTGTAGCCTTACCGTAGTAGGCGCTAAAAAA,GUAACCUUACUUUAGUAGGUGCGAAAAAAUUGGUGUAACUCUACCGUAGUGAGUACCAAAAAAUUGGUGUAGCCUUACCGUAGUAGGCGCUAAAAAA,.....((((((...((((((((.((....)).))...)).))))...))))))((((((....))))))(((((((((....))))).)))).....,-22.700000762939453,"[(24, 29, 25, 28), (58, 63, 59, 62), (77, 82, 78, 81)]"
50,hyp_,hyp_ AT216155 NZ_CP083106:61465-61561 [Bacillus thuringiensis],GTAACCTTACTTTAGTAGGTGCGAAAAAATTGGTGTAACTCTACCGTAGTGAGTACCAAAAAATTGGTGTAGCCTTACCGTAGTAGGCGCTAAAAAA,GUAACCUUACUUUAGUAGGUGCGAAAAAAUUGGUGUAACUCUACCGUAGUGAGUACCAAAAAAUUGGUGUAGCCUUACCGUAGUAGGCGCUAAAAAA,.....((((((...((((((((.((....)).))...)).))))...))))))((((((....))))))(((((((((....))))).)))).....,-22.700000762939453,"[(24, 29, 25, 28), (58, 63, 59, 62), (77, 82, 78, 81)]"
51,hyp_,hyp_ AT234034 NZ_CP091617:c5013-4802 [Salmonella enterica],AGGTGATTTGCTACCTTTAAGTGCAGCTAGAAATTCAGGTGATTTGCTACCTTAAGTGCAGCTAGAAATTCAGGTGATTTGCTACCTTTAAGTGCAGCTAGAAATTCAGGTGATTTGCTACCTTAAGTGCAGCTAGAAATTTAGGTCATTTACTACCTTAAAGTAATACAGTAAAAGAGGCGACTACACAGTCGCCTTTTTTACGAGAAAAA,AGGUGAUUUGCUACCUUUAAGUGCAGCUAGAAAUUCAGGUGAUUUGCUACCUUAAGUGCAGCUAGAAAUUCAGGUGAUUUGCUACCUUUAAGUGCAGCUAGAAAUUCAGGUGAUUUGCUACCUUAAGUGCAGCUAGAAAUUUAGGUCAUUUACUACCUUAAAGUAAUACAGUAAAAGAGGCGACUACACAGUCGCCUUUUUUACGAGAAAAA,(((((..((((.((......))))))...(((.(((((.(((((((......))))).)).)).))).)))(((((......))))).((((((.(.(((((..(((((.(((((((......))))).)).)).))).))))).))))))).)))))............(((((((((((((((....)))))))))))))))........,-52.20000076293945,"[(13, 20, 14, 19), (45, 52, 46, 51), (75, 82, 76, 81), (116, 123, 117, 122), (184, 189, 185, 188)]"
52,hyp_,hyp_ AT241515 NZ_CP095143:c4204-4069 [Klebsiella pneumoniae],TGCTACCTTTAAGTGCAGCTAGAAATTCAGGTGATTTGCTACCTTTAAGTGCAGCTAGAAATTTAGGTCATTTACTACCTTAAAGTAATAAAGTAAAAAAGGCGACTATACACAGTCGCCTTTTTTACGAGAAAAA,UGCUACCUUUAAGUGCAGCUAGAAAUUCAGGUGAUUUGCUACCUUUAAGUGCAGCUAGAAAUUUAGGUCAUUUACUACCUUAAAGUAAUAAAGUAAAAAAGGCGACUAUACACAGUCGCCUUUUUUACGAGAAAAA,......(((((((.(.((..........(((((......))))).((((((.(.((((....)))).))))))))).)))))))).......(((((((((((((((......)))))))))))))))........,-35.5,"[(32, 39, 33, 38), (57, 62, 58, 61), (106, 113, 107, 112)]"
53,hyp_,hyp_ AT245067 NZ_CP097259:c63971-63877 [Bacillus thuringiensis],GTAGCCTTACTTTAGTAGGCGCGAAAAAATTGGTGTAACTCTACCGTAGTGAGTACCAAAAAATTGGTGTAGCCTTACCGTAGTAGGCACAAAAA,GUAGCCUUACUUUAGUAGGCGCGAAAAAAUUGGUGUAACUCUACCGUAGUGAGUACCAAAAAAUUGGUGUAGCCUUACCGUAGUAGGCACAAAAA,((.((((.(((...((((((((.((....(((((...((((.((....)))))))))))....)).))...))).)))...))))))))).....,-23.5,"[(43, 48, 44, 47)]"
54,hyp_,hyp_ AT250941 NZ_CP100669:c6080-5965 [Salmonella enterica subsp. enterica serovar Enteritidis],AGAAATTCAGGTGATTTGCTACCTTTAAGTGCAGCTAGAAATTTAGGTCATTTACTACCTTAAAGTAATAAAGTAAAAAAGGCGACTATACACAGTCGCCTTTTTTACGAGAAAAA,AGAAAUUCAGGUGAUUUGCUACCUUUAAGUGCAGCUAGAAAUUUAGGUCAUUUACUACCUUAAAGUAAUAAAGUAAAAAAGGCGACUAUACACAGUCGCCUUUUUUACGAGAAAAA,........(((((......))))).((((((.(.((((....)))).)))))))..................(((((((((((((((......)))))))))))))))........,-31.399999618530277,"[(12, 19, 13, 18), (37, 42, 38, 41), (86, 93, 87, 92)]"
55,hyp_,hyp_ AT253404 NZ_CP102268:3071265-3071308 [Marvinbryantia formatexigens DSM 14469],GAAGGTCTACCACTGACCGATATGTGGTATATAAATGGTCGGGT,GAAGGUCUACCACUGACCGAUAUGUGGUAUAUAAAUGGUCGGGU,...((....)).(((((((.(((((...)))))..)))))))..,-9.899999618530272,"[(4, 9, 5, 8)]"
56,hyp_,hyp_ AT253409 NZ_CP102274:6549601-6549647 [Hungatella hathewayi],CAAATGTTTGTCGCTACTCGATATGCGACTCATCAAAAGGTCGAGTT,CAAAUGUUUGUCGCUACUCGAUAUGCGACUCAUCAAAAGGUCGAGUU,.....((.(((((.....))))).))((((((((....))).))))),-9.300000190734863,"[(12, 18, 13, 17), (33, 38, 34, 37)]"
57,hyp_,hyp_ AT253412 NZ_CP102282:2846697-2846742 [Eubacterium ventriosum],TCGAAAATATTGTTCGCTCACCGGAAGCGTCTAATAAATGTCCGGC,UCGAAAAUAUUGUUCGCUCACCGGAAGCGUCUAAUAAAUGUCCGGC,.((((.......))))....((((..((((.......)))))))).,-6.800000190734863,"[(4, 12, 5, 11), (29, 37, 30, 36)]"
58,hyp_,hyp_ AT253414 NZ_CP102292:c113892-113847 [[Ruminococcus] lactaris ATCC 29176],TCGAAAATATTGTTCGCTCACCGGAAGCGTCTAATAAATGTCCGGC,UCGAAAAUAUUGUUCGCUCACCGGAAGCGUCUAAUAAAUGUCCGGC,.((((.......))))....((((..((((.......)))))))).,-6.800000190734863,"[(4, 12, 5, 11), (29, 37, 30, 36)]"
59,hyp_,hyp_ AT268589 NZ_CP116318:412576-412672 [Bacillus thuringiensis],GTAACCTTACTTTAGTAGGTGCGAAAAAATTGGTGTAACTCTACCGTAGTGAGTACCAAAAAATTGGTGTAGCCTTACCGTAGTAGGCGCTAAAAAA,GUAACCUUACUUUAGUAGGUGCGAAAAAAUUGGUGUAACUCUACCGUAGUGAGUACCAAAAAAUUGGUGUAGCCUUACCGUAGUAGGCGCUAAAAAA,.....((((((...((((((((.((....)).))...)).))))...))))))((((((....))))))(((((((((....))))).)))).....,-22.700000762939453,"[(24, 29, 25, 28), (58, 63, 59, 62), (77, 82, 78, 81)]"
60,hyp_,hyp_ AT268595 NZ_CP116334:c30800-30704 [Bacillus thuringiensis],GTAACCTTACTTTAGTAGGTGCGAAAAAATTGGTGTAACTCTACCGTAGTGAGTACCAAAAAATTGGTGTAGCCTTACCGTAGTAGGCGCTAAAAAA,GUAACCUUACUUUAGUAGGUGCGAAAAAAUUGGUGUAACUCUACCGUAGUGAGUACCAAAAAAUUGGUGUAGCCUUACCGUAGUAGGCGCUAAAAAA,.....((((((...((((((((.((....)).))...)).))))...))))))((((((....))))))(((((((((....))))).)))).....,-22.700000762939453,"[(24, 29, 25, 28), (58, 63, 59, 62), (77, 82, 78, 81)]"
61,hyp_,hyp_ AT271943 NZ_CP117664:c1695-1443 [Escherichia albertii],AAGGTGATTTGCTACCTTTAAGTGCAGCTAGAAATTTAGGTGATTTGCTACCTTTAAGTGCAGCTAGAAATTCAGGTGATTTGCTACCTTTAAGTGCAGCTAGAAATTCAGGTGATTTGCTACCTTTAAGTGCAGCTAGAAATTCAGGTGATTTGCTACCTTTAAGTGCAGCTAGAAATTTAGGTCATTTACTACCTTAAAGTAATAAAGTAAAAAAGGCGACTATACACAGTCGCCTTTTTTACGAGAAAAA,AAGGUGAUUUGCUACCUUUAAGUGCAGCUAGAAAUUUAGGUGAUUUGCUACCUUUAAGUGCAGCUAGAAAUUCAGGUGAUUUGCUACCUUUAAGUGCAGCUAGAAAUUCAGGUGAUUUGCUACCUUUAAGUGCAGCUAGAAAUUCAGGUGAUUUGCUACCUUUAAGUGCAGCUAGAAAUUUAGGUCAUUUACUACCUUAAAGUAAUAAAGUAAAAAAGGCGACUAUACACAGUCGCCUUUUUUACGAGAAAAA,((((((..((((.((......))))))((((..(((((((((......)))))..))))....)))).......((((......))))((((..((((..(((......(((((......))))))))..))))..)))).....(((((......))))).((((((.(.((((....)))).))))))).))))))...........(((((((((((((((......)))))))))))))))........,-60.79999923706055,"[(14, 21, 15, 20), (41, 48, 42, 47), (77, 84, 78, 83), (113, 120, 114, 119), (149, 156, 150, 155), (174, 179, 175, 178), (223, 230, 224, 229)]"
62,hyp_,hyp_ AT296159 NZ_OW969691:100937-100983 [Citrobacter koseri],GATTATGTGGCGGTAGAGGCATCCCCACGTTAAATAGAACAACCTCA,GAUUAUGUGGCGGUAGAGGCAUCCCCACGUUAAAUAGAACAACCUCA,....((((((.((.........)))))))).................,-8.399999618530273,"[(12, 22, 13, 21)]"